{"<HP>k__BackingField":51,"<playerPos>k__BackingField":{"x":-71.2986831665039,"y":-0.3122454881668091,"z":7.510246753692627}}